{
  "dataset_name": "cifake",
  "dataset_class": "CIFAKEDataset",
  "split": "test",
  "checkpoint": "C:/Deepfake-Fusion/outputs/frequency/spai_cifake/best.pth",
  "metrics": {
    "accuracy": 0.9878,
    "precision": 0.9871180347513481,
    "recall": 0.9885,
    "f1": 0.9878085340261816,
    "auc": 0.9989130400000001,
    "loss": 0.04073297479748726
  },
  "dataset_size": 20000,
  "class_counts": {
    "0": 10000,
    "1": 10000
  },
  "best_score_in_checkpoint": 0.9994962599999999,
  "best_epoch_in_checkpoint": 7,
  "saved_epoch": 7
}