{
  "best_checkpoint": "C:/Deepfake-Fusion/outputs/frequency/spai_cifake/best.pth",
  "best_epoch": 7,
  "best_monitor": "val_auc",
  "best_score": 0.9994962599999999,
  "val_metrics": {
    "accuracy": 0.9894,
    "precision": 0.9890087929656275,
    "recall": 0.9898,
    "f1": 0.9894042383046782,
    "auc": 0.9994962599999999,
    "loss": 0.035237901151180265
  },
  "test_metrics": {
    "accuracy": 0.9878,
    "precision": 0.9871180347513481,
    "recall": 0.9885,
    "f1": 0.9878085340261816,
    "auc": 0.9989130400000001,
    "loss": 0.04073297479748726
  }
}