{
  "dataset_name": "openfake_by_generator_flux-1.1-pro",
  "dataset_class": "OpenFakeDataset",
  "split": "test",
  "checkpoint": "C:/Deepfake-Fusion/outputs/spatial/resnet18_openfake/by_generator/flux-1.1-pro/best.pth",
  "metrics": {
    "accuracy": 0.9349593495934959,
    "precision": 0.9290561381863047,
    "recall": 0.9418386491557224,
    "f1": 0.9354037267080745,
    "auc": 0.9834404398308667,
    "loss": 0.1948700776746528
  },
  "dataset_size": 3198,
  "class_counts": {
    "0": 1599,
    "1": 1599
  },
  "best_score_in_checkpoint": 0.97859765625,
  "best_epoch_in_checkpoint": 10,
  "saved_epoch": 10
}