{
  "best_checkpoint": "C:/Deepfake-Fusion/outputs/spatial/resnet18_openfake/by_generator/flux-1.1-pro/best.pth",
  "best_epoch": 10,
  "best_monitor": "val_auc",
  "best_score": 0.97859765625,
  "val_metrics": {
    "accuracy": 0.925,
    "precision": 0.9325699745547074,
    "recall": 0.91625,
    "f1": 0.9243379571248423,
    "auc": 0.97859765625,
    "loss": 0.2344029375910759
  },
  "test_metrics": {
    "accuracy": 0.9349593495934959,
    "precision": 0.9290561381863047,
    "recall": 0.9418386491557224,
    "f1": 0.9354037267080745,
    "auc": 0.9834404398308667,
    "loss": 0.1948700776746528
  }
}