{"_wandb":{"runtime":1423},"val_accuracy":0.9998375304630381,"_runtime":1423.7910984,"val_loss":0.0003038234578991673,"val_precision":1,"final_best_score":1,"best_epoch":1,"train_recall":0.9999764534130777,"train_accuracy":0.9999492220823009,"train_loss":0.00017954125166886177,"_timestamp":1.7746930192765388e+09,"train_precision":0.9999058203051422,"val_auc":1,"final_best_epoch":1,"val_recall":0.9996232812205689,"train_lr":7.525e-05,"_step":6,"epoch":6,"train_auc":0.9999999836011912,"best_val_auc":1,"best_score":1,"train_f1":0.9999411356117776,"val_f1":0.9998116051243406}