{
  "best_checkpoint": "C:/Deepfake-Fusion/outputs/spatial/resnet18_openfake/merged/merged/best.pth",
  "best_epoch": 10,
  "best_monitor": "val_auc",
  "best_score": 0.9907752267098265,
  "val_metrics": {
    "accuracy": 0.9533284717158037,
    "precision": 0.9569463404389373,
    "recall": 0.9493697260131264,
    "f1": 0.95314297667608,
    "auc": 0.9907752267098265,
    "loss": 0.1782733990799848
  },
  "test_metrics": {
    "accuracy": 0.9551515782894051,
    "precision": 0.9585913718904168,
    "recall": 0.9514011876237108,
    "f1": 0.9549827460002092,
    "auc": 0.990569814180365,
    "loss": 0.17608693110471232
  }
}