{
  "best_checkpoint": "C:/Deepfake-Fusion/outputs/spatial/resnet18_openfake/logo/flux-1.1-pro/best.pth",
  "best_epoch": 10,
  "best_monitor": "val_auc",
  "best_score": 0.9935810756714877,
  "val_metrics": {
    "accuracy": 0.9635227272727273,
    "precision": 0.9647903372835005,
    "recall": 0.9621590909090909,
    "f1": 0.9634729176149295,
    "auc": 0.9935810756714877,
    "loss": 0.1378108118880879
  },
  "test_metrics": {
    "accuracy": 0.7216875,
    "precision": 0.9314035514473364,
    "recall": 0.478625,
    "f1": 0.6323177276855751,
    "auc": 0.87835903125,
    "loss": 1.972934996277094
  }
}