{
  "best_checkpoint": "C:/Deepfake-Fusion/outputs/spatial/resnet18_openfake/logo/midjourney-6/best.pth",
  "best_epoch": 10,
  "best_monitor": "val_auc",
  "best_score": 0.9902171358471076,
  "val_metrics": {
    "accuracy": 0.9526704545454545,
    "precision": 0.954685538180573,
    "recall": 0.9504545454545454,
    "f1": 0.952565343659245,
    "auc": 0.9902171358471076,
    "loss": 0.182092149393125
  },
  "test_metrics": {
    "accuracy": 0.821625,
    "precision": 0.9427047487955953,
    "recall": 0.684875,
    "f1": 0.7933680857225601,
    "auc": 0.9467859140625,
    "loss": 0.8134360684230924
  }
}