{"best_val_auc":0.9907752267098265,"final_best_epoch":10,"_wandb":{"runtime":5650},"_step":10,"best_score":0.9907752267098265,"train_loss":0.005736189622856781,"train_accuracy":0.9983257433699437,"val_accuracy":0.9533284717158037,"_runtime":5650.0716655,"val_recall":0.9493697260131264,"train_f1":0.9983256810757313,"val_precision":0.9569463404389373,"best_epoch":10,"train_lr":3.4227024433899e-06,"train_precision":0.9983628272485079,"val_auc":0.9907752267098265,"val_loss":0.1782733990799848,"train_recall":0.9982885376670536,"final_best_score":0.9907752267098265,"_timestamp":1.7748118938151448e+09,"epoch":10,"val_f1":0.95314297667608,"train_auc":0.9999713744103766}