{"val_auc":0.9999999999999999,"train_accuracy":0.9999191147922868,"train_lr":7.525e-05,"train_loss":0.0003416070704208663,"_timestamp":1.774690270137195e+09,"train_f1":0.999570114349583,"_step":6,"_runtime":827.7341156,"_wandb":{"runtime":827},"val_f1":1,"val_loss":0.0001590775709295148,"final_best_score":1,"train_precision":0.999828001375989,"best_score":1,"epoch":6,"final_best_epoch":1,"best_epoch":1,"val_accuracy":1,"val_recall":1,"train_recall":0.9993123603231906,"val_precision":1,"train_auc":0.9999996791980827,"best_val_auc":1}