{
  "dataset_name": "openfake_by_generator_dalle-3",
  "dataset_class": "OpenFakeDataset",
  "split": "test",
  "checkpoint": "C:/Deepfake-Fusion/outputs/spatial/resnet18_openfake/by_generator/dalle-3/best.pth",
  "metrics": {
    "accuracy": 0.9787367104440275,
    "precision": 0.983575489576753,
    "recall": 0.9737335834896811,
    "f1": 0.978629792583281,
    "auc": 0.9971155361719587,
    "loss": 0.07084871462783342
  },
  "dataset_size": 3198,
  "class_counts": {
    "0": 1599,
    "1": 1599
  },
  "best_score_in_checkpoint": 0.99689609375,
  "best_epoch_in_checkpoint": 6,
  "saved_epoch": 6
}