{
  "best_checkpoint": "C:/Deepfake-Fusion/outputs/spatial/resnet18_openfake/by_generator/dalle-3/best.pth",
  "best_epoch": 6,
  "best_monitor": "val_auc",
  "best_score": 0.99689609375,
  "val_metrics": {
    "accuracy": 0.978125,
    "precision": 0.9885057471264368,
    "recall": 0.9675,
    "f1": 0.9778900821225521,
    "auc": 0.99689609375,
    "loss": 0.07434498287737369
  },
  "test_metrics": {
    "accuracy": 0.9787367104440275,
    "precision": 0.983575489576753,
    "recall": 0.9737335834896811,
    "f1": 0.978629792583281,
    "auc": 0.9971155361719587,
    "loss": 0.07084871462783342
  }
}