{
  "dataset_name": "openfake_logo_sd-3.5",
  "dataset_class": "OpenFakeDataset",
  "split": "test",
  "checkpoint": "C:/Deepfake-Fusion/outputs/spatial/resnet18_openfake/logo/sd-3.5/best.pth",
  "metrics": {
    "accuracy": 0.789625,
    "precision": 0.9317927692881103,
    "recall": 0.625,
    "f1": 0.7481669908723627,
    "auc": 0.9216981562500001,
    "loss": 1.1191498798653483
  },
  "dataset_size": 16000,
  "class_counts": {
    "0": 8000,
    "1": 8000
  },
  "best_score_in_checkpoint": 0.9900384232954547,
  "best_epoch_in_checkpoint": 10,
  "saved_epoch": 10
}