{
  "dataset_name": "openfake_logo_dalle-3",
  "dataset_class": "OpenFakeDataset",
  "split": "test",
  "checkpoint": "C:/Deepfake-Fusion/outputs/spatial/resnet18_openfake/logo/dalle-3/best.pth",
  "metrics": {
    "accuracy": 0.8951875,
    "precision": 0.9491405029123455,
    "recall": 0.835125,
    "f1": 0.888489926191901,
    "auc": 0.9704852187500002,
    "loss": 0.46830284035205844
  },
  "dataset_size": 16000,
  "class_counts": {
    "0": 8000,
    "1": 8000
  },
  "best_score_in_checkpoint": 0.9905789579028925,
  "best_epoch_in_checkpoint": 10,
  "saved_epoch": 10
}