{
  "dataset_name": "openfake_by_generator_flux.1-dev",
  "dataset_class": "OpenFakeDataset",
  "split": "test",
  "checkpoint": "C:/Deepfake-Fusion/outputs/spatial/resnet18_openfake/by_generator/flux.1-dev/best.pth",
  "metrics": {
    "accuracy": 0.9552845528455285,
    "precision": 0.9631043256997456,
    "recall": 0.9468417761100688,
    "f1": 0.9549038158309682,
    "auc": 0.9925539766293896,
    "loss": 0.1325020382671225
  },
  "dataset_size": 3198,
  "class_counts": {
    "0": 1599,
    "1": 1599
  },
  "best_score_in_checkpoint": 0.99242578125,
  "best_epoch_in_checkpoint": 10,
  "saved_epoch": 10
}