{
  "best_checkpoint": "C:/Deepfake-Fusion/outputs/spatial/resnet18_openfake/by_generator/flux.1-dev/best.pth",
  "best_epoch": 10,
  "best_monitor": "val_auc",
  "best_score": 0.99242578125,
  "val_metrics": {
    "accuracy": 0.953125,
    "precision": 0.9594423320659062,
    "recall": 0.94625,
    "f1": 0.9528005034612964,
    "auc": 0.99242578125,
    "loss": 0.13869209088385104
  },
  "test_metrics": {
    "accuracy": 0.9552845528455285,
    "precision": 0.9631043256997456,
    "recall": 0.9468417761100688,
    "f1": 0.9549038158309682,
    "auc": 0.9925539766293896,
    "loss": 0.1325020382671225
  }
}