{
  "best_checkpoint": "C:/Deepfake-Fusion/outputs/spatial/resnet18_openfake/logo/hidream-i1-full/best.pth",
  "best_epoch": 10,
  "best_monitor": "val_auc",
  "best_score": 0.9897974948347108,
  "val_metrics": {
    "accuracy": 0.9534090909090909,
    "precision": 0.9554794520547946,
    "recall": 0.9511363636363637,
    "f1": 0.9533029612756264,
    "auc": 0.9897974948347108,
    "loss": 0.1814998555115678
  },
  "test_metrics": {
    "accuracy": 0.9306875,
    "precision": 0.9544914918876137,
    "recall": 0.9045,
    "f1": 0.928823567165137,
    "auc": 0.9822237265625001,
    "loss": 0.2902890685349703
  }
}