{
  "dataset_name": "openfake_by_generator_grok-2-image-1212",
  "dataset_class": "OpenFakeDataset",
  "split": "test",
  "checkpoint": "C:/Deepfake-Fusion/outputs/spatial/resnet18_openfake/by_generator/grok-2-image-1212/best.pth",
  "metrics": {
    "accuracy": 0.9878048780487805,
    "precision": 0.9887218045112782,
    "recall": 0.9868667917448405,
    "f1": 0.9877934272300469,
    "auc": 0.9992418260161819,
    "loss": 0.03484409170608509
  },
  "dataset_size": 3198,
  "class_counts": {
    "0": 1599,
    "1": 1599
  },
  "best_score_in_checkpoint": 0.9993625,
  "best_epoch_in_checkpoint": 8,
  "saved_epoch": 8
}