{
  "best_checkpoint": "C:/Deepfake-Fusion/outputs/spatial/resnet18_openfake/by_generator/grok-2-image-1212/best.pth",
  "best_epoch": 8,
  "best_monitor": "val_auc",
  "best_score": 0.9993625,
  "val_metrics": {
    "accuracy": 0.990625,
    "precision": 0.9900124843945068,
    "recall": 0.99125,
    "f1": 0.9906308557151781,
    "auc": 0.9993625,
    "loss": 0.030379228517413138
  },
  "test_metrics": {
    "accuracy": 0.9878048780487805,
    "precision": 0.9887218045112782,
    "recall": 0.9868667917448405,
    "f1": 0.9877934272300469,
    "auc": 0.9992418260161819,
    "loss": 0.03484409170608509
  }
}