{"train_loss":9.36463854331011e-05,"train_accuracy":0.9999829252467302,"final_best_epoch":1,"val_loss":7.4933507156218435e-06,"val_precision":1,"val_accuracy":1,"train_auc":0.9999999791303524,"_runtime":770.0173958,"train_f1":0.9998052580331062,"best_epoch":1,"_step":6,"train_precision":0.9996105919003115,"epoch":6,"best_score":1,"val_auc":1,"_timestamp":1.7746913185526865e+09,"best_val_auc":1,"final_best_score":1,"val_f1":1,"train_recall":1,"train_lr":7.525e-05,"_wandb":{"runtime":770},"val_recall":1}