{
  "best_checkpoint": "C:/Deepfake-Fusion/outputs/spatial/resnet18_face130k/by_generator/flux_dev/best.pth",
  "best_epoch": 1,
  "best_monitor": "val_auc",
  "best_score": 1.0,
  "val_metrics": {
    "accuracy": 1.0,
    "precision": 1.0,
    "recall": 1.0,
    "f1": 1.0,
    "auc": 1.0,
    "loss": 0.00024402517910985833
  },
  "test_metrics": {
    "accuracy": 0.9998706004140787,
    "precision": 1.0,
    "recall": 0.9986263736263736,
    "f1": 0.9993127147766323,
    "auc": 1.0,
    "loss": 0.0003945816069162657
  }
}