{
  "dataset_name": "openfake_by_generator_sd-3.5",
  "dataset_class": "OpenFakeDataset",
  "split": "test",
  "checkpoint": "C:/Deepfake-Fusion/outputs/spatial/resnet18_openfake/by_generator/sd-3.5/best.pth",
  "metrics": {
    "accuracy": 0.9677923702313946,
    "precision": 0.9710327455919395,
    "recall": 0.9643527204502814,
    "f1": 0.9676812048948855,
    "auc": 0.9942711615022053,
    "loss": 0.10330026186280432
  },
  "dataset_size": 3198,
  "class_counts": {
    "0": 1599,
    "1": 1599
  },
  "best_score_in_checkpoint": 0.99232890625,
  "best_epoch_in_checkpoint": 10,
  "saved_epoch": 10
}