{
  "dataset_name": "openfake_logo_gpt-image-1",
  "dataset_class": "OpenFakeDataset",
  "split": "test",
  "checkpoint": "C:/Deepfake-Fusion/outputs/spatial/resnet18_openfake/logo/gpt-image-1/best.pth",
  "metrics": {
    "accuracy": 0.9510625,
    "precision": 0.9506681653553141,
    "recall": 0.9515,
    "f1": 0.9510839007934029,
    "auc": 0.9892290703124998,
    "loss": 0.19464006841927767
  },
  "dataset_size": 16000,
  "class_counts": {
    "0": 8000,
    "1": 8000
  },
  "best_score_in_checkpoint": 0.9900401988636365,
  "best_epoch_in_checkpoint": 10,
  "saved_epoch": 10
}