{
  "best_checkpoint": "C:/Deepfake-Fusion/outputs/frequency/spai_face130k/best.pth",
  "best_epoch": 2,
  "best_monitor": "val_auc",
  "best_score": 1.0,
  "val_metrics": {
    "accuracy": 0.9999251328891218,
    "precision": 0.9998427178357974,
    "recall": 1.0,
    "f1": 0.9999213527329925,
    "auc": 1.0,
    "loss": 0.0003270569555932751
  },
  "test_metrics": {
    "accuracy": 0.9998876993336827,
    "precision": 0.9997640953054966,
    "recall": 1.0,
    "f1": 0.9998820337383508,
    "auc": 1.0,
    "loss": 0.000279767571108548
  }
}