{
  "dataset_name": "openfake_by_generator_imagen-4.0",
  "dataset_class": "OpenFakeDataset",
  "split": "test",
  "checkpoint": "C:/Deepfake-Fusion/outputs/spatial/resnet18_openfake/by_generator/imagen-4.0/best.pth",
  "metrics": {
    "accuracy": 0.9540337711069419,
    "precision": 0.9577553593947037,
    "recall": 0.9499687304565353,
    "f1": 0.9538461538461539,
    "auc": 0.9899444657601433,
    "loss": 0.15226739327224662
  },
  "dataset_size": 3198,
  "class_counts": {
    "0": 1599,
    "1": 1599
  },
  "best_score_in_checkpoint": 0.9897546875000001,
  "best_epoch_in_checkpoint": 10,
  "saved_epoch": 10
}