{
  "best_checkpoint": "C:/Deepfake-Fusion/outputs/spatial/resnet18_openfake/by_generator/imagen-4.0/best.pth",
  "best_epoch": 10,
  "best_monitor": "val_auc",
  "best_score": 0.9897546875000001,
  "val_metrics": {
    "accuracy": 0.949375,
    "precision": 0.9510664993726474,
    "recall": 0.9475,
    "f1": 0.9492798998121478,
    "auc": 0.9897546875000001,
    "loss": 0.1536683540046215
  },
  "test_metrics": {
    "accuracy": 0.9540337711069419,
    "precision": 0.9577553593947037,
    "recall": 0.9499687304565353,
    "f1": 0.9538461538461539,
    "auc": 0.9899444657601433,
    "loss": 0.15226739327224662
  }
}