{
  "best_checkpoint": "C:/Deepfake-Fusion/outputs/spatial/resnet18_face130k/by_generator/sdxl/best.pth",
  "best_epoch": 1,
  "best_monitor": "val_auc",
  "best_score": 1.0,
  "val_metrics": {
    "accuracy": 0.9999187652315191,
    "precision": 1.0,
    "recall": 0.9998116406102844,
    "f1": 0.9999058114344919,
    "auc": 1.0,
    "loss": 0.00045183443810115217
  },
  "test_metrics": {
    "accuracy": 0.9999187586318954,
    "precision": 1.0,
    "recall": 0.9998116406102844,
    "f1": 0.9999058114344919,
    "auc": 1.0,
    "loss": 0.0002975427549182116
  }
}