{
  "best_checkpoint": "C:/Deepfake-Fusion/outputs/spatial/resnet18_cifake/best.pth",
  "last_checkpoint": "C:/Deepfake-Fusion/outputs/spatial/resnet18_cifake/last.pth",
  "best_epoch": 14,
  "best_monitor": "val_auc",
  "best_score": 0.9987552399999999,
  "val_metrics": {
    "accuracy": 0.9873,
    "precision": 0.98759255553332,
    "recall": 0.987,
    "f1": 0.987296188856657,
    "auc": 0.9987552399999999,
    "loss": 0.049174224722385404
  },
  "test_metrics": {
    "accuracy": 0.98695,
    "precision": 0.986609373438593,
    "recall": 0.9873,
    "f1": 0.9869545659019343,
    "auc": 0.998506495,
    "loss": 0.05265960477590561
  }
}