{
  "best_checkpoint": "C:/Deepfake-Fusion/outputs/spatial/resnet18_openfake/logo/flux.1-dev/best.pth",
  "best_epoch": 10,
  "best_monitor": "val_auc",
  "best_score": 0.9900403667355373,
  "val_metrics": {
    "accuracy": 0.9522159090909091,
    "precision": 0.9538145740677386,
    "recall": 0.9504545454545454,
    "f1": 0.9521315954237578,
    "auc": 0.9900403667355373,
    "loss": 0.17813075532967393
  },
  "test_metrics": {
    "accuracy": 0.9475,
    "precision": 0.950314465408805,
    "recall": 0.944375,
    "f1": 0.9473354231974922,
    "auc": 0.9881683359374999,
    "loss": 0.21439540798962117
  }
}