{
  "dataset_name": "face130k",
  "dataset_class": "FACE130KDataset",
  "split": "test",
  "checkpoint": "C:/Deepfake-Fusion/outputs/spatial/vit_face130k/best.pth",
  "metrics": {
    "accuracy": 0.9999251328891218,
    "precision": 0.9999213465471134,
    "recall": 0.9999213465471134,
    "f1": 0.9999213465471134,
    "auc": 0.999999977527585,
    "loss": 0.0001947308868279114
  },
  "dataset_size": 26714,
  "class_counts": {
    "0": 14000,
    "1": 12714
  },
  "best_score_in_checkpoint": 0.9999999101103395,
  "best_epoch_in_checkpoint": 11,
  "saved_epoch": 11
}