{
  "dataset_name": "cifake",
  "dataset_class": "CIFAKEDataset",
  "split": "test",
  "checkpoint": "C:/Deepfake-Fusion/outputs/spatial/vit_cifake/best.pth",
  "metrics": {
    "accuracy": 0.98815,
    "precision": 0.986932668329177,
    "recall": 0.9894,
    "f1": 0.9881647940074907,
    "auc": 0.9989505949999999,
    "loss": 0.0412245598256588
  },
  "dataset_size": 20000,
  "class_counts": {
    "0": 10000,
    "1": 10000
  },
  "best_score_in_checkpoint": 0.9993697799999999,
  "best_epoch_in_checkpoint": 9,
  "saved_epoch": 9
}