{
  "best_checkpoint": "C:/Deepfake-Fusion/outputs/spatial/vit_cifake/best.pth",
  "best_epoch": 9,
  "best_monitor": "val_auc",
  "best_score": 0.9993697799999999,
  "val_metrics": {
    "accuracy": 0.9878,
    "precision": 0.9850835322195705,
    "recall": 0.9906,
    "f1": 0.9878340646190666,
    "auc": 0.9993697799999999,
    "loss": 0.039658776605129245
  },
  "test_metrics": {
    "accuracy": 0.98815,
    "precision": 0.986932668329177,
    "recall": 0.9894,
    "f1": 0.9881647940074907,
    "auc": 0.9989505949999999,
    "loss": 0.0412245598256588
  }
}