{
  "dataset_name": "openfake_logo_grok-2-image-1212",
  "dataset_class": "OpenFakeDataset",
  "split": "test",
  "checkpoint": "C:/Deepfake-Fusion/outputs/spatial/resnet18_openfake/logo/grok-2-image-1212/best.pth",
  "metrics": {
    "accuracy": 0.82275,
    "precision": 0.9354131534569983,
    "recall": 0.693375,
    "f1": 0.796410624551328,
    "auc": 0.9450922734375001,
    "loss": 0.7862093399986625
  },
  "dataset_size": 16000,
  "class_counts": {
    "0": 8000,
    "1": 8000
  },
  "best_score_in_checkpoint": 0.9883608148243802,
  "best_epoch_in_checkpoint": 10,
  "saved_epoch": 10
}