{
  "best_checkpoint": "C:/Deepfake-Fusion/outputs/spatial/resnet18_openfake/logo/grok-2-image-1212/best.pth",
  "best_epoch": 10,
  "best_monitor": "val_auc",
  "best_score": 0.9883608148243802,
  "val_metrics": {
    "accuracy": 0.9475,
    "precision": 0.9470935513169846,
    "recall": 0.9479545454545455,
    "f1": 0.9475238527941845,
    "auc": 0.9883608148243802,
    "loss": 0.1997938411276449
  },
  "test_metrics": {
    "accuracy": 0.82275,
    "precision": 0.9354131534569983,
    "recall": 0.693375,
    "f1": 0.796410624551328,
    "auc": 0.9450922734375001,
    "loss": 0.7862093399986625
  }
}